<?xml version="1.0" encoding="UTF-8"?>
    <addon id="repository.de-rascal" name="[COLOR red]* De Rascal REPO[/COLOR]" version="2.2.0" provider-name="Pascal">
        <extension point="xbmc.addon.repository" name="De Rascal Repo">
		<dir minversion="18.0">
			<info compressed="false">https://raw.githubusercontent.com/de-rascal/de-rascal/main/repo/zip/addons.xml</info>
			<checksum>https://raw.githubusercontent.com/de-rascal/de-rascal/main/repo/zip/addons.xml.md5</checksum>
			<datadir zip="true">https://raw.githubusercontent.com/de-rascal/de-rascal/main/repo/zip/</datadir>
		    <hashes>false</hashes>
		</dir>
        </extension>
        <extension point="xbmc.addon.metadata">
            <summary>Repo of my addon modifications and redesigns.</summary>
            <description>Repo of my addon modifications and redesigns.</description>
            <platform>all</platform>
		<assets>
			<icon>icon.png</icon>
			<fanart>fanart.png</fanart>
		</assets>
    </extension>
</addon>